id,admissionNumber,rollNumber,classId,sectionId,fatherName,motherName,DOB,address,parentPhone,createLogin
										
										
										
										
										
										
										
										
										
										
										
										
										
										
										
										
										
										
										
										
										
										
										
										
										
										
										
										
										
										
										
										
										
										
										
										
										
										
										
										
										
